Model,Mean Accuracy (%),Std (%)
Model A,35.269999999999996,1.0983077892831326
Model B,34.946000000000005,0.8750451416927009
Curve,nan,nan
OT,27.776,1.7790963998614582
AVG,27.062,2.3155422691024237
