Model,Mean Accuracy (%),Std (%)
Model A,35.269999999999996,1.0983077892831326
Model B,34.946000000000005,0.8750451416927009
Curve,48.928,0.4349896550494034
OT,9.214,0.9163972937541883
AVG,9.214,0.9163972937541883
